Sim Time,Distance to TS 1,Distance to TS 2,Distance to TS 3,Speed Com,Angle Com,Speed OS,Angle OS,Run Time,OS pos,TS pos,Coll check
"[ 0.758  0.767  0.785  0.8    0.827  0.846  0.865  0.898  0.914  0.933
  0.953  0.969  0.997  1.013  1.034  1.059  1.068  1.087  1.105  1.126
  1.147  1.167  1.183  1.201  1.228  1.245  1.262  1.289  1.306  1.322
  1.34   1.374  1.392  1.411  1.43   1.447  1.464  1.48   1.509  1.538
  1.556  1.571  1.589  1.614  1.624  1.646  1.659  1.691  1.704  1.725
  1.74   1.765  1.783  1.802  1.832  1.846  1.859  1.883  1.905  1.924
  1.942  1.962  1.993  2.005  2.018  2.042  2.058  2.077  2.103  2.126
  2.148  2.161  2.18   2.205  2.217  2.239  2.259  2.28   2.3    2.331
  2.34   2.365  2.386  2.402  2.422  2.437  2.46   2.479  2.502  2.519
  2.539  2.562  2.578  2.615  2.634  2.65   2.667  2.685  2.705  2.719
  2.744  2.772  2.791  2.807  2.825  2.84   2.866  2.884  2.903  2.931
  2.949  2.966  2.987  3.005  3.023  3.052  3.07   3.1    3.112  3.129
  3.145  3.163  3.178  3.204  3.222  3.255  3.27   3.289  3.305  3.322
  3.354  3.363  3.383  3.411  3.427  3.447  3.464  3.488  3.498  3.523
  3.544  3.567  3.587  3.605  3.625  3.638  3.663  3.68   3.699  3.73
  3.747  3.763  3.792  3.805  3.823  3.84   3.879  3.89   3.911  3.926
  3.945  3.964  3.982  4.005  4.021  4.048  4.066  4.083  4.102  4.12
  4.149  4.171  4.192  4.22   4.227  4.245  4.263  4.278  4.311  4.328
  4.346  4.387  4.398  4.416  4.434  4.451  4.471  4.49   4.505  4.534
  4.552  4.568  4.586  4.606  4.626  4.639  4.678  4.699  4.715  4.732
  4.752  4.765  4.788  4.81   4.839  4.856  4.871  4.89   4.906  4.926
  4.945  4.962  4.999  5.012  5.026  5.041  5.059  5.087  5.106  5.121
  5.148  5.166  5.185  5.204  5.221  5.248  5.266  5.282  5.31   5.328
  5.347  5.364  5.382  5.404  5.428  5.446  5.479  5.493  5.51   5.534
  5.547  5.565  5.585  5.603  5.63   5.649  5.666  5.684  5.702  5.724
  5.741  5.773  5.795  5.81   5.825  5.843  5.862  5.878  5.904  5.93
  5.952  5.97   5.987  6.004  6.023  6.036  6.062  6.081  6.108  6.122
  6.14   6.164  6.181  6.207  6.225  6.244  6.27   6.296  6.303  6.323
  6.34   6.367  6.387  6.4    6.428  6.445  6.464  6.482  6.5    6.538
  6.546  6.561  6.588  6.617  6.623  6.647  6.659  6.68   6.704  6.717
  6.743  6.763  6.777  6.801  6.82   6.841  6.863  6.894  6.909  6.924
  6.938  6.962  6.988  6.998  7.022  7.055  7.068  7.082  7.101  7.124
  7.145  7.162  7.189  7.215  7.23   7.245  7.259  7.279  7.302  7.331
  7.344  7.371  7.405  7.43   7.446  7.46   7.474  7.491  7.513  7.533
  7.553  7.572  7.587  7.613  7.634  7.655  7.681  7.708  7.729  7.753
  7.778  7.801  7.827  7.854  7.884  7.914  7.942  7.963  7.989  8.024
  8.046  8.066  8.097  8.129  8.147  8.163  8.191  8.212  8.238  8.269
  8.299  8.332  8.356  8.377  8.404  8.431  8.449  8.482  8.508  8.535
  8.563  8.583  8.618  8.643  8.676  8.704  8.734  8.759  8.786  8.817
  8.842  8.86   8.882  8.911  8.932  8.963  8.99   9.015  9.04   9.074
  9.082  9.092  9.103  9.11   9.12   9.132  9.143  9.156  9.165  9.179
  9.191  9.204  9.217  9.232  9.241  9.253  9.263  9.271  9.283  9.295
  9.308  9.324  9.347  9.373  9.384  9.402  9.426  9.443  9.461  9.486
  9.503  9.52   9.549  9.566  9.597  9.614  9.634  9.658  9.671  9.686
  9.709  9.727  9.756  9.775  9.793  9.815  9.831  9.852  9.868  9.888
  9.913  9.929  9.95   9.967  9.984 10.004 10.029 10.047 10.077 10.093
 10.111 10.127 10.149 10.173 10.187 10.201 10.226 10.243 10.263 10.28
 10.307 10.324 10.342 10.361 10.39  10.409 10.428 10.477 10.487 10.505
 10.514 10.534 10.562 10.573 10.587 10.605 10.623 10.642 10.673 10.687
 10.715 10.734 10.749 10.768 10.789 10.805 10.825 10.846 10.873 10.89
 10.908 10.927 10.945 10.964 10.982 11.017 11.033 11.053 11.07  11.088
 11.105 11.127 11.143 11.165 11.193 11.211 11.232 11.25  11.271 11.29
 11.308 11.326 11.354 11.38  11.392 11.41  11.426 11.444 11.461 11.481
 11.51  11.524 11.551 11.566 11.58  11.614 11.628 11.649 11.664 11.683
 11.708 11.717 11.737 11.761 11.784 11.809 11.822 11.845 11.858 11.885
 11.899 11.921 11.941 11.975 11.987 12.003 12.02  12.042 12.063 12.078
 12.099 12.128 12.14  12.165 12.18  12.203 12.229 12.241 12.266 12.288
 12.302 12.327 12.341 12.364 12.377 12.397 12.42  12.442 12.465 12.477
 12.498 12.522 12.541 12.564 12.577 12.603 12.624 12.649 12.666 12.68
 12.708 12.728 12.747 12.773 12.791 12.809 12.826 12.848 12.869 12.882
 12.921 12.929 12.949 12.966 12.984 13.003 13.018 13.05  13.061 13.087
 13.104 13.121 13.148 13.166 13.184 13.199 13.236 13.251 13.27  13.284
 13.303 13.324 13.348 13.367 13.377 13.405 13.432 13.441 13.467 13.482
 13.509 13.52  13.556 13.572 13.59  13.608 13.625 13.644 13.662 13.685
 13.702 13.736 13.752 13.77  13.787 13.804 13.822 13.842 13.86  13.891
 13.908 13.928 13.948 13.965 13.981 14.009 14.027 14.057 14.074 14.09
 14.108 14.128 14.147 14.159 14.196 14.214 14.233 14.251 14.266 14.294
 14.304 14.324 14.337 14.367 14.383 14.4   14.427 14.446 14.463 14.482
 14.499 14.538 14.551 14.569 14.585 14.605 14.62  14.647]","[132.85360602 132.79571597 132.67534053 132.61222372 132.54742551
 132.47911235 132.47412907 132.3320249  132.32316146 132.24340571
 132.08848948 132.07630129 131.91340417 131.89862161 131.72783488
 131.63141737 131.53267938 131.43135463 131.32781593 131.30668821
 131.11429447 131.09145493 130.89254105 130.86796686 130.66252524
 130.63619358 130.4244068  130.39647745 130.27371309 130.14904672
 129.92501091 129.89404594 129.66403778 129.63158923 129.39566197
 129.36176789 129.2241982  129.08486342 128.94381682 128.69374612
 128.65658817 128.51043654 128.25221756 128.10177497 127.94968903
 127.9095411  127.64079252 127.4840276  127.32573345 127.28345526
 127.00461835 126.84178978 126.67756132 126.63334306 126.46727344
 126.176469   126.00667141 125.83554241 125.66308199 125.48932819
 125.31434949 125.26704995 124.96061086 124.91269507 124.73372211
 124.55356991 124.23871626 124.1897049  123.87070485 123.82119896
 123.6352646  123.31026176 123.26008636 122.93109687 122.88054106
 122.68916692 122.49674285 122.16001593 122.10873737 121.76817597
 121.71656265 121.37220482 121.32026436 120.97215574 120.77057915
 120.71815178 120.36442838 120.31166626 120.10689428 119.90110282
 119.53989308 119.33124858 119.121577   119.06783346 118.85702067
 118.64521122 118.27299257 118.05837575 117.84280792 117.62625865
 117.40877359 117.19029187 117.13527021 116.75049823 116.52914066
 116.3068397  116.25129311 116.02793463 115.63429164 115.5784103
 115.18123715 115.1251352  114.72448517 114.49472071 114.26404328
 114.03244528 113.79994952 113.56654841 113.50982265 113.0971062
 112.86103467 112.62411865 112.56712664 112.32925201 111.90803735
 111.6675836  111.42627773 111.1841274  110.94110211 110.69720952
 110.45245724 110.39500882 109.96036592 109.71303453 109.6554644
 109.2157926  109.15813881 108.71511945 108.65738961 108.40572927
 107.95765817 107.89979143 107.44836517 107.19242913 107.13442549
 106.67790186 106.41936389 106.36125378 106.10179527 105.63858418
 105.37659219 105.31831477 104.85002914 104.79167567 104.52706656
 104.05372159 103.7865714  103.72807346 103.24965393 103.19107234
 102.70929006 102.43780337 102.37910771 101.89221285 101.83344117
 101.34316074 101.28431301 101.00842895 100.51302833 100.45408936
  99.95529557  99.67512062  99.39407079  99.11215363  99.05304743
  98.54480448  98.48535595  98.20014462  97.68675104  97.62738625
  97.11078973  97.05146301  96.76232598  96.24092879  95.94938766
  95.89012192  95.59778195  95.06989519  95.01065233  94.47941803
  94.42015243  94.1236586   93.58740303  93.2883682   92.98845844
  92.92913975  92.38605228  92.08353304  91.78017694  91.47599159
  91.41664266  91.11155965  90.55816337  90.25042521  89.94181975
  89.88239493  89.57287656  89.01067792  88.95121519  88.38546365
  88.07150991  88.01198642  87.44088653  87.12423968  86.80671034
  86.74714134  86.4287067   86.10937441  85.52763866  85.20562841
  85.14596837  84.55887677  84.23418102  84.17453633  83.58216487
  83.52252793  82.92661117  82.8669439   82.53782811  82.20786793
  81.6049443   81.27234416  81.21272278  80.60455738  80.5449437
  80.20968098  79.59619013  79.53655383  78.91951771  78.85990436
  78.52026727  78.17974012  77.83830767  77.49600035  77.15278022
  76.52331297  76.17740729  76.11775643  75.77098355  75.13434982
  74.78483822  74.43441384  74.08307648  73.73085663  73.37773156
  73.023686    72.96397493  72.60904697  71.95623166  71.59860297
  71.53887704  70.88066785  70.5203386   70.15913459  69.79702519
  69.73723878  69.37423183  68.70535683  68.33968732  68.27986323
  67.91331901  67.54586949  66.86810128  66.49796649  66.12691115
  65.75495056  65.38209233  65.32218543  64.94844498  64.25817783
  64.19827121  63.82186837  63.12626096  63.06634703  62.68721331
  62.30723518  61.92636711  61.54460143  61.16193816  60.45383963
  60.06846064  59.68220683  59.29504782  58.90697602  58.51804474
  58.12819307  57.73743628  57.34578187  56.95320715  56.55976509
  56.16543331  55.77020376  55.71020856  54.97714356  54.91712575
  54.5194093   53.7819403   53.72190785  52.98198187  52.92194213
  52.17975731  51.77776645  51.71769676  51.31540977  50.56996232
  50.16689236  49.76360215  49.36008399  48.95633781  48.55258424
  48.1477831   47.74220781  47.67974036  47.27294597  46.86567698
  46.1141588   45.70610255  45.64132561  45.23240735  44.82261749
  44.41197086  44.0009132   43.58948263  43.17770971  42.76556474
  42.35304786  41.9412702   41.53026972  40.7790961   40.70937414
  40.29819833  39.88673966  39.47496732  39.06288892  38.65071935
  38.23839074  37.82592564  37.41337783  37.00021548  36.58727536
  36.17551579  35.76492981  35.35428478  34.94362636  34.53296941
  34.1225353   33.71259864  33.30295465  32.89353463  32.48439309
  32.07548499  31.6669572   31.25890133  30.85112419  30.44417231
  30.03799314  29.63175438  29.22566241  28.81967979  28.41453041
  28.01020052  27.60612112  27.20239957  26.7990356   26.07578995
  25.67283616  25.27005178  24.86745244  24.46504046  23.6608004
  23.25903118  22.45626748  22.05528596  21.65461628  20.85413404
  20.05423795  19.65468347  19.25541096  18.8565457   18.45813276
  17.66288303  17.2646877   16.4702991   16.07399266  15.6783231
  15.28342203  14.49576688  14.10284964  13.71057041  12.92803218
  12.53782704  12.14848881  11.76010319  11.37241603  10.98537206
  10.59900919  10.21342683   9.82876305   9.44513572   9.06253827
   8.68104566   8.3008839    7.92223013   7.54658156   7.17425655
   6.80540021   6.44032344   6.07928867   5.72256317   5.3705535
   5.29704156   4.95136497   4.34430391   4.01628104   3.95413215
   3.63944013   3.33722164   2.82555879   2.78423767   2.35946709
   2.24622018   2.25285839   2.0921806    2.11255801   2.12844983
   2.22046588   2.26364858   2.52652884   2.72780445   2.78478972
   3.19845648   3.26061887   3.52290818   4.01336975   4.08000185
   4.3703115    4.89840917   5.20308608   5.51135697   5.82252547
   6.13624824   6.20644752   6.77016888   6.84094889   7.16085209
   7.73310148   8.05642747   8.12770379   8.45209201   9.03206578
   9.35866179   9.42974074  10.01308974  10.34068643  10.66841766
  10.7389616   11.06667133  11.39447533  11.98011034  12.05006751
  12.37790934  12.705603    13.03322425  13.61911921  13.68794932
  14.01505393  14.60065389  14.92746851  15.25406066  15.58150078
  15.90847468  16.23612442  16.56315867  16.63002102  16.95662578
  17.5430944   17.86844321  18.1932271   18.51748439  18.84139693
  18.90615649  19.48823183  19.55251472  19.87520285  20.45594248
  20.77788657  20.84149199  21.42100251  21.7423111   21.8057844
  22.12694665  22.44802703  23.02646719  23.34729786  23.41090865
  23.98902724  24.30999785  24.63101232  24.95204597  25.27318395
  25.33790903  25.91573293  25.98078956  26.55861283  26.88009278
  26.94558015  27.52310174  27.58877501  28.16613039  28.48761146
  28.80901738  28.87494776  29.45153242  29.77256264  30.09340359
  30.41405125  30.47977279  31.05478538  31.12037958  31.69468785
  32.01429419  32.07967948  32.65282267  32.97168407  33.0366791
  33.35514075  33.92675895  33.99163569  34.30972182  34.88058008
  35.1983299   35.5159693   35.58103604  36.15093597  36.46822278
  36.78541068  36.85054802  37.41949363  37.73636472  37.80156999
  38.11837814  38.43507228  38.75168828  39.31930964  39.63564125
  39.95190657  40.01730644  40.58413607  40.90010071  41.2159091
  41.53157461  41.84711202  41.91246414  42.47780621  42.79297347
  43.1080655   43.42304403  43.4883998   44.05269969  44.11802937
  44.68190255  44.74715795  45.31064378  45.37585633  45.93887073
  46.00399477  46.56651902  46.63156837  47.1935853   47.25856219
  47.82008271  48.13309536  48.19789613  48.51071225  48.82341426
  49.38374817  49.69602663  50.00813728  50.32022722  50.3848623
  50.94436049  51.0091075   51.32117656  51.63316342  52.19210257
  52.50386018  52.81552733  52.8803034   53.43862415  53.75006311
  53.8148775   54.37280067  54.68513999  54.99713068  55.0622621
  55.62007705  55.68474317  56.24020633  56.54984976  56.61430911
  57.16931384  57.47901081  57.78860167  57.85302722  58.1624003
  58.7162579   59.02526636  59.08961003  59.64340721  59.70775531
  60.26191939  60.57114384  60.88026679  61.18940476  61.2537643
  61.56281779  62.11644403  62.42538423  62.73435329  63.04335957
  63.35232531  63.66129512  63.9701576   64.03456395  64.58775926
  64.89649916  64.96087963  65.26961827  65.82259419  66.1312102
  66.19558066  66.74834029  67.05686268  67.36532841  67.67375507
  67.73810328  68.04640391  68.59851772  68.6628082   69.21475584
  69.27901658  69.58704237  69.89499663  70.44659157  70.51076547
  70.81855792  71.36987616  71.43400796  71.74162822  72.29257094
  72.59998912  72.90732002  73.21461605  73.27860175  73.82902122
  73.89297764  74.44323318  74.50713138  75.0572249   75.12106408
  75.67097714  75.97777112  76.04153654  76.34827291  76.6549526
  76.96161141  77.26817616  77.57471235  77.88115988  78.43035617
  78.49391461  79.04300435  79.10653393  79.65545891  79.71895891
  80.267703    80.33118997  80.63725051]","[170.31713189 170.26067983 170.20276893 170.14339359 170.14295541
 170.0813061  169.95445438 169.88714321 169.88332819 169.7466109
 169.67377622 169.66851546 169.52291137 169.51652159 169.36507563
 169.28368611 169.20068415 169.11592031 169.02963794 169.02045288
 168.85253833 168.76180504 168.66966156 168.65895491 168.48103889
 168.38472116 168.28716701 168.18838717 168.17585948 167.98731694
 167.97413834 167.78174138 167.67735025 167.57195489 167.46553532
 167.45072479 167.34301273 167.23435397 167.12477877 167.01430046
 166.90292598 166.79072726 166.58082602 166.56379393 166.44913476
 166.3336849  166.1184989  166.00102995 165.8828862  165.86435211
 165.74518449 165.62533135 165.40303637 165.3836171  165.26187585
 165.03658909 164.91323974 164.7892994  164.66476761 164.64424878
 164.41422982 164.39337566 164.16163507 164.14049301 164.01332018
 163.88566763 163.65070839 163.62905041 163.39260789 163.2629897
 163.13298065 163.00258347 162.98039105 162.84953094 162.71829925
 162.47736388 162.45480533 162.32256271 162.18999712 161.94682417
 161.92390193 161.67969952 161.65661579 161.41151369 161.27701634
 161.25368516 161.0072427  160.98373296 160.84834373 160.6006395
 160.57686191 160.44080369 160.19206386 160.0554326  159.91862157
 159.7817096  159.75744729 159.62021811 159.36983649 159.34533622
 159.0944482  158.95651859 158.81841564 158.68018778 158.54180714
 158.40328425 158.37828039 158.1258965  157.98701138 157.84804151
 157.82279181 157.68362751 157.43043439 157.29101067 157.15150259
 157.01191332 156.87225338 156.73249837 156.7068311  156.45282295
 156.31288539 156.17289372 156.03284124 156.00699079 155.75255376
 155.61230846 155.58636901 155.33171314 155.19136677 155.05097662
 154.91052159 154.88443232 154.74394272 154.60340559 154.46286909
 154.20792027 154.06733852 153.92672981 153.90043681 153.75977617
 153.50484582 153.4784467  153.22358576 153.08294969 152.94231777
 152.91580808 152.7751651  152.63449886 152.49382968 152.35315757
 152.21251328 152.07185927 151.93120573 151.79057651 151.64997853
 151.39557636 151.25503559 151.22818433 150.97393505 150.94703051
 150.80649362 150.55240364 150.52543116 150.27144436 150.13095854
 149.99050384 149.85005984 149.70961297 149.56916967 149.54204004
 149.40159603 149.14794096 149.00755396 148.86720827 148.83993044
 148.58635704 148.55892602 148.41848942 148.16518128 148.02487942
 147.88461871 147.85724986 147.60425436 147.4641816  147.43679538
 147.29674876 147.1567605  146.9042668  146.76440962 146.62455263
 146.484713   146.45729549 146.20513626 146.06536179 145.92559796
 145.89812212 145.64615277 145.5064612  145.36679694 145.33928637
 145.08756745 145.06003447 144.80843788 144.78086573 144.64132427
 144.50176257 144.36225557 144.1109281  144.08326613 143.83206773
 143.69267532 143.66498367 143.4139495  143.27459879 143.13528896
 143.10755984 142.96825973 142.71748369 142.68970769 142.43902294
 142.29983046 142.16063454 142.02146279 141.88234561 141.74322511
 141.71537487 141.57626737 141.43719402 141.29815519 141.15915363
 140.90913252 140.77023102 140.74235421 140.49251015 140.35371458
 140.32581483 140.076124   139.93737321 139.79869764 139.66002536
 139.63211784 139.49346878 139.24418346 139.10562433 139.07767604
 138.93912981 138.80058025 138.55155612 138.4131033  138.27467443
 138.24664969 137.99779679 137.85941277 137.72105616 137.69298406
 137.55462682 137.416321   137.27805259 137.02967732 136.89147506
 136.75329325 136.61515939 136.4770087  136.44887543 136.20080671
 136.17266525 136.03462332 135.89659196 135.75855726 135.6205567
 135.3727971  135.23487945 135.09698246 135.06877429 134.82118549
 134.79294879 134.5454402  134.51716804 134.26973605 134.13192503
 134.10365087 133.85631662 133.71851935 133.58075274 133.44297941
 133.4147019  133.16753874 133.13924958 132.89220398 132.75456395
 132.61692405 132.58861874 132.34170242 132.20411048 132.06653552
 131.92897099 131.90062154 131.65391737 131.51639407 131.3788913
 131.24137845 131.10389962 131.07552947 130.82894214 130.80057428
 130.55404313 130.41660575 130.3882019  130.14185055 130.11344209
 129.86708867 129.72975749 129.7013337  129.56398467 129.31772617
 129.18040874 129.15196545 129.01470545 128.76862366 128.63140856
 128.49344711 128.35499724 128.32484583 128.18626653 128.04797758
 127.80111477 127.66306691 127.5250256  127.38693934 127.24798041
 127.10820381 126.96823298 126.8280917  126.68769805 126.5470315
 126.40605811 126.26518831 126.12445918 126.09235434 125.95063538
 125.80790268 125.55576899 125.41125155 125.26594969 125.12055715
 124.9750092  124.93769662 124.79179839 124.64543439 124.49907756
 124.35303593 124.20723082 124.06053181 123.91296613 123.76463648
 123.61620581 123.46762014 123.31884147 123.16989385 123.02073267
 122.87129686 122.72098207 122.56990374 122.41870786 122.26773861
 122.11697191 121.96528858 121.81284785 121.65965329 121.50683199
 121.35428127 121.2009273  121.04690586 120.89226564 120.6289282
 120.47312146 120.31739403 120.16164348 120.0058635  119.69399537
 119.53776045 119.22451008 119.06740953 118.90994336 118.59374497
 118.27577924 118.11606779 117.95585138 117.79512285 117.63383091
 117.3096106  117.14604337 116.81741427 116.65232234 116.48667545
 116.32051411 115.98657267 115.81884981 115.65054036 115.31239275
 115.14255012 114.97230425 114.80171728 114.63061994 114.45903276
 114.28696583 114.1143706  113.94126728 113.76767582 113.59359278
 113.41901804 113.24398558 113.06851171 112.89300144 112.7176105
 112.54241161 112.36748289 112.19291103 112.01875523 111.84508792
 111.7794603  111.60574187 111.43219046 111.1507398  110.97767625
 110.8049361  110.74050977 110.46052498 110.39684646 110.11766838
 109.95055764 109.8914963  109.61718899 109.55968448 109.28729508
 109.1245345  108.96334467 108.80344255 108.64460847 108.48672425
 108.32977327 108.28143823 108.12592642 107.8631535  107.70865719
 107.6623419  107.50824323 107.24632299 107.09216356 106.93793792
 106.78359162 106.73692659 106.47399454 106.31845447 106.27024585
 106.00586473 105.9568017  105.69166478 105.64189824 105.37612205
 105.21797071 105.1674673  104.90111285 104.74246212 104.58377288
 104.53285716 104.37410466 104.215372   104.05673986 103.79037928
 103.63200119 103.58175563 103.42390021 103.15856258 103.10932773
 102.84474632 102.79629455 102.64044925 102.37724407 102.22176926
 102.06699122 101.91223144 101.7583102  101.71328822 101.56042419
 101.30002957 101.1488423  101.10648073 100.84891296 100.70017806
 100.55221832 100.40499243 100.25861173 100.22076956  99.96808893
  99.82383161  99.68017852  99.53709169  99.39459025  99.36021606
  99.21865311  98.96992793  98.93677719  98.68875     98.54846758
  98.40829899  98.37579005  98.1281791   97.98812488  97.84799961
  97.8153752   97.56767024  97.53488366  97.28698212  97.14655665
  97.11363312  96.86562338  96.72512814  96.58462834  96.55171384
  96.41135642  96.16351571  96.13087261  95.88328151  95.85099367
  95.60380229  95.57192432  95.32516138  95.29378994  95.15508339
  94.90905242  94.87843719  94.63297014  94.49539019  94.46563781
  94.32860092  94.08412181  93.94739986  93.81071425  93.78175727
  93.53753214  93.40102123  93.26455949  93.12816007  92.99181639
  92.85552092  92.82699055  92.5830373   92.44683372  92.41835673
  92.2821588   92.03820149  92.0097854   91.8735965   91.62965162
  91.49350971  91.46515931  91.22132454  91.19298983  90.94920877
  90.81321864  90.67725645  90.6490657   90.40539315  90.26951995
  90.13367472  89.99781644  89.96979686  89.72623929  89.59049178
  89.45481217  89.42693691  89.18356299  89.15575664  88.91245764
  88.88473976  88.64153491  88.50611384  88.37073342  88.34317925
  88.20791008  87.96497172  87.93753498  87.80240069  87.66726599
  87.4244058   87.28934047  87.15426668  87.0191802   86.99186174
  86.85672156  86.61372624  86.5863469   86.34344192  86.20833463
  86.07322081  86.04586362  85.91072652  85.66780455  85.53262935
  85.39742772  85.37000823  85.12654714  84.99100267  84.96341036
  84.7201128   84.58483846  84.44966196  84.31447158  84.28714926
  84.04412836  83.90896131  83.7738409   83.6387066   83.50361242
  83.36851084  83.23339578  83.2060235   82.96313046  82.93573793
  82.80057104  82.5576819   82.42254642  82.28735603  82.25989911
  82.12472614  81.8818136   81.74663748  81.61144831  81.47619083
  81.34094664  81.31341357  81.07042558  81.04287889  80.90763302
  80.77237278  80.52944015  80.39419053  80.25896844  80.23139485
  79.98845488  79.85315825  79.71786843  79.58259923  79.44730921
  79.31203892  79.28449032  79.04158562  78.90633484  78.77107658
  78.74354136  78.60828676  78.36538355  78.33783758  78.20264298
  78.06744133  77.82452202  77.68929593  77.66180006  77.41888851
  77.39141202  77.14849201  77.12102839  76.98584302  76.85065701
  76.71548419  76.58027566  76.44507387  76.30990505  76.06698785
  75.93184902  75.79671691  75.76932973  75.63418619  75.49901527
  75.36383723  75.22866395  74.98570005  74.95837064  74.71545333
  74.68814271  74.44524533  74.31014767  74.175076    74.04000556
  73.90493343  73.87763395  73.74258575]","[225.23618793 225.27727733 225.36330603 225.40769993 225.4531089
 225.49823986 225.54297409 225.58739976 225.58100307 225.67589298
 225.72048423 225.71167553 225.75555679 225.79947357 225.90008609
 225.88774661 225.93217548 226.03626875 226.02164893 226.0667673
 226.17439621 226.15782033 226.20376892 226.24994242 226.36211659
 226.40960166 226.45737413 226.50534477 226.48446908 226.53214714
 226.65080297 226.69972971 226.74876553 226.797946   226.84725226
 226.82256739 226.8715136  226.9206231  226.96987993 227.09574309
 227.06867793 227.11818793 227.24593667 227.29616405 227.3464698
 227.31718791 227.44722932 227.49771906 227.46724897 227.5172888
 227.64933856 227.70004997 227.66803755 227.71840701 227.7689445
 227.90320978 227.95399018 228.00480906 228.05562385 228.10658545
 228.15762161 228.12291367 228.25983535 228.22465264 228.27563343
 228.32664908 228.46501474 228.42898167 228.56810837 228.61978609
 228.67154694 228.63478407 228.68643988 228.82732009 228.79007421
 228.93159551 228.89406161 229.03617538 228.99834923 229.14121198
 229.10310452 229.24651446 229.29922967 229.35206987 229.4049327
 229.36615859 229.51090706 229.47185095 229.52478017 229.67011557
 229.7231387  229.68353401 229.8293225  229.8824272  229.9355973
 229.98868282 230.04171867 230.09473115 230.05421551 230.10708334
 230.25357443 230.21271748 230.35932862 230.41219976 230.46501546
 230.42368275 230.47636984 230.62337416 230.67613306 230.72887434
 230.78155911 230.73963795 230.8868161  230.9393862  230.99196055
 231.04448178 231.09698987 231.14946056 231.10697141 231.1593028
 231.21164898 231.35895691 231.41126645 231.36846942 231.42074282
 231.56818914 231.6204503  231.67264012 231.72477855 231.77686043
 231.82882317 231.78563436 231.93272178 231.98464484 231.94132164
 232.08847888 232.14034721 232.19213725 232.14863333 232.20034999
 232.34732805 232.30366825 232.35527545 232.50210561 232.55358831
 232.60505761 232.65645037 232.61252192 232.66386171 232.71512745
 232.86165801 232.81754336 232.96383889 232.91964194 232.9706487
 233.11671552 233.16760107 233.12323505 233.26925159 233.22479766
 233.37064306 233.42125782 233.37668564 233.52224443 233.57264945
 233.62296723 233.67324823 233.72343174 233.67861427 233.72880252
 233.87389008 233.92390058 233.97375776 234.02359117 233.97854004
 234.02795544 234.07758375 234.12723493 234.27193023 234.32161892
 234.2763408  234.42089088 234.47044371 234.52000162 234.5695608
 234.52429786 234.57383883 234.62333926 234.76757115 234.81702944
 234.86643632 234.82110431 234.96519021 235.01449222 235.06374016
 235.01831288 235.16197419 235.21105721 235.26007024 235.21458784
 235.35812908 235.31261061 235.36158818 235.5050235  235.55392284
 235.50828227 235.55714993 235.60596252 235.65471838 235.70342781
 235.84652596 235.80074767 235.94372641 235.99224484 236.0408174
 235.99496607 236.04345645 236.18628722 236.23472831 236.28313575
 236.33147945 236.37979913 236.42802957 236.47624382 236.52444295
 236.47840879 236.62072801 236.5746468  236.62275612 236.67087429
 236.71899013 236.86126698 236.81517513 236.9574089  237.00542677
 236.95929249 237.10134015 237.14930634 237.10317272 237.15108324
 237.19900924 237.24690047 237.38880725 237.43665119 237.3904246
 237.43827357 237.5800401  237.62768846 237.67524928 237.72268951
 237.77010372 237.72373902 237.77113114 237.91231464 237.95964688
 238.00691939 237.96050351 238.00774485 238.14846923 238.19561259
 238.24277666 238.19629413 238.24345581 238.38432862 238.43147205
 238.38490818 238.43196263 238.57255917 238.61960983 238.57298048
 238.7137064  238.7607474  238.8076853  238.85457119 238.80784256
 238.94824055 238.99503968 239.04183131 238.99503908 239.13545163
 239.08864623 239.22902211 239.27576963 239.32254514 239.36927345
 239.32243524 239.46273627 239.41588087 239.55618778 239.60286903
 239.64949962 239.60259499 239.74271293 239.7893147  239.83591124
 239.88251337 239.92907299 239.88209641 240.0221574  240.0686945
 240.02165562 240.06814122 240.11460248 240.16106098 240.20751065
 240.34753129 240.39398963 240.34687104 240.48682035 240.43968318
 240.57958805 240.6260033  240.67239916 240.62521909 240.67162546
 240.81159367 240.85791622 240.90424707 240.85703531 240.99688887
 241.04221354 241.08687552 241.03732201 241.17484498 241.21884614
 241.16920491 241.21286148 241.34981292 241.29949866 241.34154874
 241.38255325 241.42318344 241.46335419 241.50306773 241.5423294
 241.58101206 241.61989726 241.65908484 241.69856978 241.73695433
 241.7742471  241.81058181 241.84593752 241.88032912 241.91434391
 241.9478783  241.98097476 242.01367827 242.04548381 242.07792794
 242.11075509 242.1439456  242.17610492 242.20731839 242.23767543
 242.26774362 242.29742148 242.32670818 242.35558907 242.38403996
 242.41206653 242.43929506 242.46581019 242.49199384 242.51839183
 242.54495292 242.57053572 242.59534405 242.6194292  242.6438083
 242.66843444 242.6923155  242.71561986 242.73834082 242.85388801
 242.87509026 242.89613682 242.91696948 242.93753295 242.97787645
 242.99756911 243.03578536 243.05424255 243.07221578 243.10665031
 243.13900474 243.15436381 243.16914741 243.18340735 243.19705642
 243.22269485 243.2342672  243.25586962 243.26587009 243.2753444
 243.2843396  243.30075789 243.30827694 243.31523775 243.3278512
 243.33348851 243.33874434 243.34359159 243.34801166 243.35208532
 243.35577398 243.35907298 243.36200285 243.36458767 243.36677746
 243.36864712 243.37018094 243.37144139 243.37326375 243.37582018
 243.37911878 243.38327841 243.38833063 243.39432144 243.40119441
 243.40862675 243.32216071 243.42460218 243.43318737 243.34796493
 243.45161394 243.36747167 243.37796428 243.38903041 243.49478007
 243.43425098 243.46101593 243.48607367 243.51112372 243.63041468
 243.56210798 243.68298607 243.71009088 243.73762788 243.76556362
 243.79365868 243.72768994 243.75618505 243.87921915 243.90814663
 243.8428712  243.96639117 243.99571358 244.02504328 244.05444663
 243.98928466 244.11310138 244.14211099 244.1708579  244.10473788
 244.22747703 244.16089183 244.28321961 244.31088285 244.24382232
 244.36583158 244.39320788 244.42051549 244.44779972 244.47514417
 244.40790092 244.43533395 244.46285168 244.58511647 244.51822504
 244.64073891 244.57425482 244.60266601 244.63148326 244.66065424
 244.78498138 244.81482969 244.75026946 244.78090891 244.81148258
 244.84288017 244.96962851 245.00200779 244.93974006 244.97282767
 245.10214962 245.04135957 245.17126641 245.20673872 245.14782253
 245.2796475  245.3170193  245.35492569 245.29825356 245.43224193
 245.47161083 245.41628875 245.55157629 245.59216997 245.53784011
 245.57894542 245.7154     245.75685688 245.79846833 245.84007489
 245.88170269 245.92336861 245.96494403 246.00647216 245.95261532
 245.99384436 246.13004676 246.07578631 246.21175882 246.15724601
 246.19784503 246.3335883  246.37409374 246.41458972 246.45503998
 246.49554942 246.53608934 246.5767362  246.61756848 246.65856907
 246.69974244 246.74107222 246.6871424  246.72885676 246.86628158
 246.90846322 246.85527996 246.99340893 247.0362997  246.98384156
 247.02723865 247.07077442 247.11444668 247.25383104 247.29755052
 247.34134729 247.38518817 247.42905642 247.47296872 247.42113461
 247.56095711 247.50913025 247.64903865 247.59720545 247.64126681
 247.78112362 247.82515648 247.77329341 247.81731243 247.86136613
 248.00132932 247.94942699 248.08939175 248.03746173 248.17756329
 248.12573244 248.2660039  248.21419342 248.35455529 248.39884487
 248.34710844 248.39140567 248.43575412 248.48014707 248.52455345
 248.66514879 248.61353509 248.75412218 248.70256234 248.84328977
 248.79181989 248.93261578 248.97740077 249.02223058 248.9709166
 249.11204762 249.06084109 249.10586904 249.15098999 249.19611695
 249.33752613 249.3827733  249.42805912 249.47331246 249.42226439
 249.56375312 249.60891944 249.55773835 249.69926332 249.64808414
 249.78965475 249.83487415 249.78367045 249.92521261 249.8739588
 250.01552199 249.96423671 250.00898097 250.0540809  250.09916156
 250.14446806 250.28658886 250.33216924 250.37777134 250.32668228
 250.46890749 250.41775908 250.46329177 250.60554454 250.65119627
 250.69690786 250.74255899 250.69144542 250.83384757 250.78270538
 250.92510055 250.97072996 251.01635371 251.0619486  251.01072569
 251.056322   251.19861839 251.2441841  251.28973486 251.33519165
 251.38065483 251.42609273 251.47154038 251.42017433 251.56251017
 251.60797519 251.6534489  251.69891974 251.74438198 251.78981306
 251.83528397 251.88069662 251.92611794 251.87465903 251.9200731
 252.06233518 252.01092495 252.1532996  252.10187607 252.14734964
 252.19288439 252.23837298 252.2839014  252.42642852 252.37506335
 252.42074711 252.46643554 252.60915672 252.55780205 252.60351712
 252.7462698  252.79201468 252.740707   252.78647766 252.92940077
 252.87811782 253.02117096 252.96990843 253.11308936 253.15908536
 253.10788405 253.25118387 253.19998794 253.34332305 253.29213253
 253.3382026  253.38430928 253.52777402 253.47665218 253.52290419
 253.56916261 253.71277841 253.75907831 253.70802338 253.85176274
 253.89814795 253.84706022 253.89343488]","[3.0, 3.0, 3.0, 3.0, 3.0, 3.0, 3.0, 3.0, 3.0, 3.0, 3.0, 3.0, 3.0, 3.0, 3.0, 3.0, 3.0, 3.0, 3.0, 3.0, 3.0, 3.0, 3.0, 3.0, 3.0, 3.0, 3.0, 3.0, 3.0, 3.0, 3.0, 3.0, 3.0, 3.0, 3.0, 3.0, 3.0, 3.0, 3.0, 3.0, 3.0, 3.0, 3.0, 3.0, 3.0, 3.0, 3.0, 3.0, 3.0, 3.0, 3.0, 3.0, 3.0, 3.0, 3.0, 3.0, 3.0, 3.0, 3.0, 3.0, 3.0, 3.0, 3.0, 3.0, 3.0, 3.0, 3.0, 3.0, 3.0, 3.0, 3.0, 3.0, 3.0, 3.0, 3.0, 3.0, 3.0, 3.0, 3.0, 3.0, 3.0, 3.0, 3.0, 3.0, 3.0, 3.0, 3.0, 3.0, 3.0, 3.0, 3.0, 3.0, 3.0, 3.0, 3.0, 3.0, 3.0, 3.0, 3.0, 3.0, 3.0, 3.0, 3.0, 3.0, 3.0, 3.0, 3.0, 3.0, 3.0, 3.0, 3.0, 3.0, 3.0, 3.0, 3.0, 3.0, 3.0, 3.0, 3.0, 3.0, 3.0, 3.0, 3.0, 3.0, 3.0, 3.0, 3.0, 3.0, 3.0, 3.0, 3.0, 3.0, 3.0, 3.0, 3.0, 3.0, 3.0, 3.0, 3.0, 3.0, 3.0, 3.0, 3.0, 3.0, 3.0, 3.0, 3.0, 3.0, 3.0, 3.0, 3.0, 3.0, 3.0, 3.0, 3.0, 3.0, 3.0, 3.0, 3.0, 3.0, 3.0, 3.0, 3.0, 3.0, 3.0, 3.0, 3.0, 3.0, 3.0, 3.0, 3.0, 3.0, 3.0, 3.0, 3.0, 3.0, 3.0, 3.0, 3.0, 3.0, 3.0, 3.0, 3.0, 3.0, 3.0, 3.0, 3.0, 3.0, 3.0, 3.0, 3.0, 3.0, 3.0, 3.0, 3.0, 3.0, 3.0, 3.0, 3.0, 3.0, 3.0, 3.0, 3.0, 3.0, 3.0, 3.0, 3.0, 3.0, 3.0, 3.0, 3.0, 3.0, 3.0, 3.0, 3.0, 3.0, 3.0, 3.0, 3.0, 3.0, 3.0, 3.0, 3.0, 3.0, 3.0, 3.0, 3.0, 3.0, 3.0, 3.0, 3.0, 3.0, 3.0, 3.0, 3.0, 3.0, 3.0, 3.0, 3.0, 3.0, 3.0, 3.0, 3.0, 3.0, 3.0, 3.0, 3.0, 3.0, 3.0, 3.0, 3.0, 3.0, 3.0, 3.0, 3.0, 3.0, 3.0, 3.0, 3.0, 3.0, 3.0, 3.0, 3.0, 3.0, 3.0, 3.0, 3.0, 3.0, 3.0, 3.0, 3.0, 3.0, 3.0, 3.0, 3.0, 3.0, 3.0, 3.0, 3.0, 3.0, 3.0, 3.0, 3.0, 3.0, 3.0, 3.0, 3.0, 3.0, 3.0, 3.0, 3.0, 3.0, 3.0, 3.0, 3.0, 3.0, 3.0, 3.0, 3.0, 3.0, 3.0, 3.0, 3.0, 3.0, 3.0, 3.0, 3.0, 3.0, 3.0, 3.0, 3.0, 3.0, 3.0, 3.0, 3.0, 3.0, 4.750000000000999, 5.000000000001, 5.000000000001, 4.750000000000999, 4.750000000000999, 4.750000000000999, 4.750000000000999, 5.000000000000999, 5.000000000000999, 5.250000000000999, 5.000000000000999, 5.000000000000999, 5.250000000001, 5.250000000001, 5.250000000001, 5.000000000000999, 5.500000000000999, 5.250000000000999, 5.250000000000999, 5.500000000000999, 5.500000000000999, 5.250000000000999, 5.500000000000999, 5.250000000000999, 5.500000000000999, 5.500000000000999, 5.250000000000999, 5.250000000000999, 5.500000000000999, 5.250000000000999, 5.500000000000999, 5.750000000001, 5.500000000000999, 5.750000000001, 5.750000000001, 5.500000000000999, 5.500000000000999, 5.750000000001, 5.750000000001, 6.000000000000999, 5.750000000000999, 6.000000000000999, 5.750000000000999, 6.000000000000999, 5.750000000000999, 6.000000000000999, 6.000000000000999, 5.750000000000999, 6.000000000000999, 6.000000000000999, 6.000000000000999, 6.000000000000999, 6.000000000000999, 6.000000000000999, 6.000000000000999, 6.000000000000999, 6.000000000000999, 6.000000000000999, 6.000000000000999, 6.000000000000999, 6.000000000000999, 6.000000000000999, 6.000000000000999, 6.000000000000999, 6.000000000000999, 6.000000000000999, 6.000000000000999, 6.000000000000999, 6.000000000000999, 6.000000000000999, 6.000000000000999, 6.000000000000999, 6.000000000000999, 6.000000000000999, 6.000000000000999, 6.000000000000999, 6.000000000000999, 6.000000000000999, 6.000000000000999, 6.000000000000999, 6.000000000000999, 6.000000000000999, 6.000000000000999, 3.0, 3.0, 3.0, 3.0, 3.0, 3.0, 3.0, 3.0, 3.0, 3.0, 3.0, 3.0, 3.0, 3.0, 3.0, 3.0, 3.0, 3.0, 3.0, 3.0, 3.0, 3.0, 3.0, 3.0, 3.0, 3.0, 3.0, 3.0, 3.0, 3.0, 3.0, 3.0, 3.0, 3.0, 3.0, 3.0, 3.0, 3.0, 3.0, 3.0, 3.0, 3.0, 3.0, 3.0, 3.0, 3.0, 3.0, 3.0, 3.0, 3.0, 3.0, 3.0, 3.0, 3.0, 3.0, 3.0, 3.0, 3.0, 3.0, 3.0, 3.0, 3.0, 3.0, 3.0, 3.0, 3.0, 3.0, 3.0, 3.0, 3.0, 3.0, 3.0, 3.0, 3.0, 3.0, 3.0, 3.0, 3.0, 3.0, 3.0, 3.0, 3.0, 3.0, 3.0, 3.0, 3.0, 3.0, 3.0, 3.0, 3.0, 3.0, 3.0, 3.0, 3.0, 3.0, 3.0, 3.0, 3.0, 3.0, 3.0, 3.0, 3.0, 3.0, 3.0, 3.0, 3.0, 3.0, 3.0, 3.0, 3.0, 3.0, 3.0, 3.0, 3.0, 3.0, 3.0, 3.0, 3.0, 3.0, 3.0, 3.0, 3.0, 3.0, 3.0, 3.0, 3.0, 3.0, 3.0, 3.0, 3.0, 3.0, 3.0, 3.0, 3.0, 3.0, 3.0, 3.0, 3.0, 3.0, 3.0, 3.0, 3.0, 3.0, 3.0, 3.0, 3.0, 3.0, 3.0, 3.0, 3.0, 3.0, 3.0, 3.0, 3.0, 3.0, 3.0, 3.0, 3.0, 3.0, 3.0, 3.0, 3.0, 3.0, 3.0, 3.0, 3.0, 3.0, 3.0, 3.0, 3.0, 3.0, 3.0, 3.0, 3.0, 3.0, 3.0, 3.0, 3.0, 3.0, 3.0, 3.0, 3.0, 3.0, 3.0, 3.0, 3.0, 3.0, 3.0, 3.0, 3.0, 3.0, 3.0, 3.0, 3.0, 3.0, 3.0, 3.0, 3.0, 3.0, 3.0, 3.0, 3.0, 3.0, 3.0, 3.0, 3.0, 3.0, 3.0, 3.0, 3.0, 3.0, 3.0, 3.0, 3.0, 3.0, 3.0, 3.0, 3.0, 3.0, 3.0, 3.0, 3.0, 3.0, 3.0, 3.0, 3.0, 3.0, 3.0, 3.0, 3.0, 3.0, 3.0, 3.0, 3.0, 3.0, 3.0, 3.0, 3.0, 3.0, 3.0, 3.0, 3.0, 3.0, 3.0, 3.0, 3.0, 3.0, 3.0, 3.0, 3.0, 3.0, 3.0, 3.0, 3.0, 3.0, 3.0, 3.0, 3.0, 3.0, 3.0, 3.0, 3.0, 3.0, 3.0, 3.0, 3.0, 3.0, 3.0, 3.0, 3.0, 3.0, 3.0, 3.0, 3.0, 3.0, 3.0, 3.0, 3.0, 3.0, 3.0, 3.0, 3.0, 3.0, 3.0, 3.0, 3.0, 3.0, 3.0, 3.0]","[89.42953622141033, 89.4295259918714, 89.42951962081679, 89.42951277614748, 89.42950987744143, 89.42950135450684, 89.42948716290749, 89.42946741017789, 89.42945089471493, 89.42943121984956, 89.42941276274303, 89.4293867871553, 89.4293614637134, 89.42932809945489, 89.42929564514117, 89.4292558158213, 89.42920869705824, 89.42916699345278, 89.42911821243615, 89.42905801277999, 89.42899971083324, 89.42893460417082, 89.4288714347814, 89.42879698682384, 89.42871561586821, 89.42863611155326, 89.42855868845169, 89.42847021173412, 89.42837951284878, 89.42828220343932, 89.42819148618463, 89.42808985255317, 89.42798605303244, 89.4278844746554, 89.42778070679583, 89.42767491979333, 89.4275627853425, 89.42745743533646, 89.42735456556335, 89.42724545201162, 89.42713886047227, 89.42703048193539, 89.4269203145019, 89.42680402337118, 89.42669035905692, 89.42657058776058, 89.42644921474408, 89.42632185871508, 89.42619731925237, 89.42605807153672, 89.42591725247468, 89.42577488224299, 89.42562240910036, 89.42546855144599, 89.42531339673167, 89.42515692054246, 89.42499477617724, 89.42482700264924, 89.42465803061555, 89.42448796715132, 89.42431248491363, 89.42412716297349, 89.42394524425231, 89.42375356468682, 89.42356539488645, 89.42336312343764, 89.423168734061, 89.42296469737931, 89.42275978548639, 89.42255410745588, 89.42234766313021, 89.42213606832632, 89.42192372388081, 89.42171071656293, 89.42148823083619, 89.4212606665946, 89.42103686236635, 89.42080360884938, 89.42056972334564, 89.42033524791924, 89.42009130873106, 89.41984675152924, 89.41959717987856, 89.41934703074224, 89.41909179320157, 89.41883155333136, 89.41857068188244, 89.41830033318524, 89.41802492250622, 89.41774444467075, 89.41745889641942, 89.41717272094962, 89.4168859186995, 89.4165851970273, 89.41628827004001, 89.41599070715512, 89.41568366179894, 89.41536275963875, 89.41504125160037, 89.41471474245793, 89.41437879119349, 89.41404666224054, 89.41370508017877, 89.41336289907201, 89.41301125277892, 89.41265455451799, 89.4122972913994, 89.41193503740726, 89.41156776500804, 89.4111999871451, 89.410827207034, 89.41044944227394, 89.4100711631362, 89.4096834610308, 89.4092952153332, 89.40890199027041, 89.40851276823179, 89.4081096886232, 89.40770619170343, 89.40730667056658, 89.40689780574269, 89.40648849530487, 89.40607431908273, 89.40565969371602, 89.40524017215495, 89.40481577296708, 89.40439545787842, 89.40396136238718, 89.40353579809283, 89.4031053689693, 89.4026611396016, 89.40222544275656, 89.40178486961548, 89.40133493482261, 89.4008891237163, 89.40043391820376, 89.39998283496647, 89.39952241841291, 89.39906158796055, 89.39859585516365, 89.39812970411111, 89.39765415232529, 89.39717819961572, 89.39669280970907, 89.3962069892682, 89.39572075963792, 89.39522962388901, 89.39473359997913, 89.3942326120499, 89.3937267031319, 89.39322489925212, 89.392713641809, 89.39219745064412, 89.39168083069404, 89.39116380389237, 89.39063730150866, 89.39011489748844, 89.38958303244391, 89.38905070167175, 89.38851341336283, 89.3879802445258, 89.38743307679579, 89.38688992869606, 89.38634183335472, 89.38578873591274, 89.38523518230943, 89.38468117033989, 89.3841221725213, 89.38355823293875, 89.38299838103751, 89.38242902870184, 89.38186373833895, 89.38128891196288, 89.3807181718123, 89.38013337471386, 89.37955582072954, 89.37896920007171, 89.37838236548879, 89.37779980985931, 89.37721237578148, 89.37662462902176, 89.37604113948356, 89.37544369768517, 89.37485958355734, 89.37426155693748, 89.37366771359603, 89.37307808223045, 89.3724790274303, 89.37188415823323, 89.37127980785323, 89.37067500899411, 89.37006530122301, 89.36945516595495, 89.36883547710914, 89.36821532969373, 89.36759477265161, 89.36696916350996, 89.36634316641249, 89.36571221000258, 89.36508093929899, 89.36444005437511, 89.36380337072234, 89.36316624131774, 89.36252401158038, 89.36188133201853, 89.36122904092713, 89.36058087403671, 89.35993230355871, 89.35926949958679, 89.3586154021811, 89.35795625818264, 89.35729201152003, 89.35663186210684, 89.35596209201367, 89.35529190210639, 89.35462124222306, 89.353950135883, 89.35326941529229, 89.35258816451335, 89.35190183357952, 89.35121494273653, 89.35051844055653, 89.34982147527865, 89.34912873021125, 89.34842630884094, 89.34772349825357, 89.34701553121056, 89.34630711835155, 89.34560281969533, 89.34489359580914, 89.3441885401736, 89.34347845104526, 89.34276334674246, 89.34204784654605, 89.34133186836488, 89.34061073657483, 89.33988452485278, 89.33915785517456, 89.33844003577713, 89.33770790239544, 89.33697993769101, 89.33624690796563, 89.33551333462225, 89.33477932532759, 89.33404016143061, 89.33330052937913, 89.3325511244903, 89.33180121786125, 89.33105080935076, 89.33029525404515, 89.32953454857778, 89.32876865954415, 89.32800687795611, 89.32724461322141, 89.32647253409976, 89.32569993828713, 89.32493153171339, 89.32415800941288, 89.3233840501195, 89.32260946126496, 89.32182971959992, 89.32105408766552, 89.32027321593023, 89.31948715400114, 89.3187052298606, 89.31791811103034, 89.31713518668249, 89.31634695384406, 89.31555357230843, 89.31475962808241, 89.31396052930432, 89.31316556797947, 89.3123699857025, 89.31156918711253, 89.31076310925181, 89.30995648752491, 89.30914929165141, 89.30833220687288, 89.30751459738508, 89.3067011516444, 89.30588249305902, 89.3050586176945, 89.30423415513724, 89.30341388568957, 89.3025836393258, 89.30176233945315, 89.30093108430606, 89.3001040517853, 89.29927172723058, 89.2984388948235, 89.2976054693616, 89.29677618310347, 89.2959416253708, 89.29510652863968, 89.29427092218049, 89.29342997627623, 89.29258845813496, 89.29175111092496, 89.29090370130041, 89.29006517977228, 89.28921664683372, 89.28837700716815, 89.2875320709444, 89.28668186189623, 89.28584046739041, 89.28498909960177, 89.28413709094781, 89.28328452951246, 89.28243611649617, 89.28158241815515, 89.28072340003439, 89.2798780046686, 89.27902252214113, 89.27816651224566, 89.27731465744603, 89.27645744411967, 156.0, 152.99999999999994, 152.99999999999994, 159.0, 159.0, 159.0, 159.0, 156.0, 159.0, 156.0, 162.0, 162.0, 159.0, 159.0, 159.0, 165.0, 156.0, 162.0, 162.0, 159.0, 159.0, 165.0, 162.0, 165.0, 159.0, 159.0, 162.0, 162.0, 159.0, 165.0, 162.0, 159.0, 165.0, 162.0, 162.0, 168.0, 168.0, 162.0, 162.0, 159.0, 165.0, 162.0, 168.0, 165.0, 171.0, 165.0, 165.0, 171.0, 168.0, 171.0, 171.0, 171.0, 171.0, 174.0, 177.0, 177.0, 177.0, 177.0, 183.0, 186.0, 186.0, 186.0, 186.0, 186.0, 186.0, 186.0, 186.0, 186.0, 186.0, 186.0, 186.0, 186.0, 186.0, 186.0, 186.0, 186.0, 186.0, 186.0, 186.0, 186.0, 186.0, 186.0, 186.0, 88.99799288535672, 88.99022214507823, 88.99022214507823, 88.97412008797863, 88.96578324485495, 88.96578324485495, 88.96578324485495, 88.96578324485495, 88.96578324485495, 88.96578324485495, 88.96578324485495, 88.96578324485495, 88.96578324485495, 88.96578324485495, 88.87201395291964, 88.8615828157113, 88.8615828157113, 88.8615828157113, 88.8615828157113, 88.8615828157113, 88.8615828157113, 88.8615828157113, 88.8615828157113, 88.8615828157113, 88.8615828157113, 88.8615828157113, 88.8615828157113, 88.8615828157113, 88.8615828157113, 88.8615828157113, 88.8615828157113, 88.8615828157113, 88.8615828157113, 88.8615828157113, 88.8615828157113, 88.63301590520342, 88.63301590520342, 88.63301590520342, 88.63301590520342, 88.5943181901672, 88.58590578222027, 88.5779723061342, 88.57041967708898, 88.57041967708898, 88.55621610534973, 88.54944227473027, 88.54282265735452, 88.54282265735452, 88.52960364314231, 88.52960364314231, 88.52960364314231, 88.52960364314231, 88.52960364314231, 88.52960364314231, 88.52960364314231, 88.52960364314231, 88.52960364314231, 88.52960364314231, 88.52960364314231, 88.52960364314231, 88.52960364314231, 88.52960364314231, 88.52960364314231, 88.52960364314231, 88.52960364314231, 88.39714892736635, 88.3883084909275, 88.3883084909275, 88.3883084909275, 88.3883084909275, 88.3883084909275, 88.3883084909275, 88.33531951773534, 88.32666857316099, 88.31811990645485, 88.30968355468195, 88.30135951496038, 88.29316788853794, 88.28512445086437, 88.2772395989137, 88.2694378553918, 88.26183215051202, 88.25434139922055, 88.24707390961862, 88.24001864971876, 88.23310463852852, 88.22643930090823, 88.22002262849134, 88.21385428849135, 88.20792993050475, 88.20227452009038, 88.19687314320572, 88.19171518564133, 88.18683669012927, 88.18220203012504, 88.17781099087875, 88.17364842818955, 88.16969387251311, 88.1659619937023, 88.16243793165972, 88.15908556165749, 88.15591553090394, 88.15290212519199, 88.15002972845076, 88.1472727255989, 88.14458949985442, 88.14197945924667, 88.13942753368377, 88.13690747410601, 88.13440415361742, 88.1319067495644, 88.12942592884582, 88.1269413633031, 88.12444286962045, 88.12194060054401, 88.11943988944296, 88.11694641731714, 88.11445500858815, 88.11196600192937, 88.1094895919648, 88.10704151427831, 88.10463234255434, 88.10225693236225, 88.09992119666202, 88.0976407605632, 88.09542659445259, 88.09328899877221, 88.0912126407128, 88.08923365280532, 88.08733185722889, 88.08551723655802, 88.08378555285736, 88.0821414197531, 88.0806012694984, 88.07915514862901, 88.07778213435677, 88.07650840098472, 88.0753063949033, 88.07416593213884, 88.07306026848954, 88.07198961710003, 88.07095436981797, 88.06994428380017, 88.06895921274861, 88.06799936136349, 88.06706493549416, 88.06613989954025, 88.06523998281273, 88.06434948935805, 88.06346353947441, 88.06258703138565, 88.06172522312886, 88.06086255856059, 88.06001461618217, 88.05917090410128, 88.05833668350277, 88.05751178581806, 88.05669675721185, 88.05589633671144, 88.05509001808457, 88.05429412924883, 88.05350868381669, 88.05272806584048, 88.05195210361597, 88.05119188777996, 88.05043634717924, 88.04969586614897, 88.04895461960052, 88.0482337379114, 88.0475179299371, 88.04680684061316, 88.04610648622224, 88.04541633975026, 88.04473111899705, 88.0440563075901, 88.04339703428627, 88.04273814123547, 88.04209481216651, 88.04145700073059, 88.04081922678631, 88.04019192657921, 88.03956521746954, 88.03894386927112, 88.03832788702198, 88.0377123273704, 88.03710178186395, 88.03649680188067, 88.03589225418204, 88.03527216513152, 88.03465618597016, 88.03404431865448, 88.03343105425103, 88.03281160626136, 88.03219130017766, 88.03157584089814, 88.0309547357715, 88.0303276127064, 88.02970551792765, 88.02907758249711, 88.02844361636784, 88.02779844604476, 88.0271579302738, 88.02650619569772, 88.02583733397222, 88.02517513776775, 88.02449669758795, 88.02382103521853, 88.0231365048162, 88.02244901972938, 88.02175043489177, 88.02106148437241, 88.02035012091687, 88.01963837849337, 88.01892124918913, 88.0181983547584, 88.01747024744884, 88.01673636378479, 88.01599112327028, 88.01524547724279, 88.0144832521429, 88.01372562799907, 88.01295140249869, 88.01217637411332, 88.01140091573296, 88.01060844763884, 88.00981534934226, 88.00902161758893, 88.00821103007189, 88.0074053929709, 88.00659351358036, 88.00576436652085, 88.00493493315145, 88.0041042723472, 88.00326248218835, 88.00241983025438, 88.00157650381368, 88.00072202544612, 87.99986686290117, 87.99900558375646, 87.99814904883954, 87.9972757082777, 87.99640710649214, 87.9955265473883, 87.9946452816472, 87.99376330841534, 87.99286992304275, 87.9919709429015, 87.99108252380671, 87.99018286692342, 87.98927703215378, 87.98836520236864, 87.987463751843, 87.9865508436381, 87.98564305001531, 87.98472359392503, 87.98380944269343, 87.98288927862671, 87.98196309334878, 87.98103635606117, 87.98010906725813, 87.97917613046957, 87.97824263736845, 87.97729800406074, 87.9763580983311, 87.97541233525453, 87.97446619851348, 87.97351930178229, 87.97256692329984, 87.97160828226203, 87.97064964749353, 87.96968474034065, 87.96871964174403, 87.96775396219249, 87.96678219205592, 87.96580983646777, 87.96483138097977, 87.96385213846202, 87.96286185671994, 87.96187649347866, 87.96089092647588, 87.95989943447, 87.95890753885931, 87.95791523909298, 87.95691661113477, 87.95591776996247, 87.95491792991822, 87.95391214155393, 87.95289980793655, 87.95189259697844]","[0.01726924 0.02629007 0.03500363 0.04337111 0.05059222 0.14949797
 0.24916449 0.34692905 0.44317459 0.49871376 0.55387525 0.60940456
 0.67445532 0.73913895 0.7996165  0.85249106 0.90384483 0.96166893
 1.00921804 1.05638722 1.09937329 1.1419784  1.18420358 1.22869632
 1.27321896 1.31660011 1.35613006 1.39646994 1.43489072 1.47369287
 1.5105905  1.54825199 1.58553155 1.62242981 1.66008978 1.69470654
 1.72854275 1.76201658 1.79439319 1.82632596 1.8578994  1.88833181
 1.91876418 1.94843593 1.97810743 2.00739877 2.03440757 2.06141678
 2.08763945 2.11391439 2.14018786 2.16600409 2.18809608 2.21092039
 2.23222306 2.2539062  2.27483012 2.29499349 2.31439418 2.33189276
 2.34825233 2.36496687 2.38056067 2.39583914 2.40950235 2.4235863
 2.43765501 2.45059491 2.46390902 2.47532111 2.48673317 2.49776824
 2.50879991 2.51827994 2.52782741 2.53737166 2.54643668 2.55522445
 2.56397365 2.57196203 2.58072025 2.589089   2.59708217 2.6046901
 2.61382468 2.62143781 2.62977517 2.63815481 2.64659231 2.65493545
 2.66331034 2.67129855 2.67928677 2.68729484 2.69527621 2.70326441
 2.71088596 2.71737474 2.72456966 2.73107644 2.73759178 2.74474552
 2.75126134 2.75810821 2.76459198 2.77144776 2.77753381 2.78324862
 2.78934401 2.79428885 2.80000402 2.80530548 2.8102503  2.81528211
 2.82057378 2.82552884 2.82932236 2.8335376  2.83658056 2.84075408
 2.84381836 2.84724165 2.84991516 2.85330447 2.85639253 2.85910048
 2.86130319 2.86327359 2.86591295 2.86820661 2.87014404 2.87278262
 2.87507662 2.87738308 2.87889229 2.88157943 2.88305407 2.88460049
 2.88695143 2.88921193 2.89149402 2.89380228 2.89570405 2.89839342
 2.90067548 2.90257721 2.90449263 2.90602797 2.9086698  2.91062047
 2.91216224 2.91440361 2.9163547  2.91825638 2.91977772 2.92208962
 2.92359591 2.92552784 2.92780983 2.92972689 2.93085243 2.93276594
 2.93541236 2.93701948 2.93928232 2.94118398 2.94308557 2.94500328
 2.94616058 2.94766554 2.94921963 2.9511047  2.95303947 2.95450883
 2.95611587 2.97893624 2.97319429 2.97094791 2.96940967 2.9690464
 2.96828578 2.9671279  2.96641883 2.96560666 2.96413703 2.96411964
 2.9636868  2.96296083 2.96301405 2.96301375 2.96415463 2.96379219
 2.96455271 2.96534954 2.96649038 2.96687069 2.96841023 2.96841022
 2.96839336 2.96728788 2.96850183 2.96803182 2.96882778 2.97074816
 2.97150871 2.9723077  2.97304899 2.97304896 2.9742483  2.97496967
 2.97574975 2.97725503 2.97837619 2.97886699 2.97883149 2.97959203
 2.9799723  2.98001261 2.98153368 2.98231466 2.98421596 2.98387713
 2.9842574  2.98344049 2.98389812 2.98317319 2.98464423 2.98467985
 2.98541919 2.98353908 2.98351788 2.98315884 2.98241969 2.98165923
 2.98203944 2.98320184 2.98318801 2.98318803 2.98245529 2.98210483
 2.98208285 2.98172459 2.98286531 2.98248509 2.98326774 2.98326774
 2.98369291 2.9840731  2.98441778 2.98485634 2.98529511 2.98600751
 2.98678044 2.98678042 2.98720711 2.98758732 2.98718378 2.98682684
 2.98606643 2.98796754 2.98799104 2.98869236 2.98985654 2.99033169
 2.99065261 2.9910565  2.99065263 2.99257737 2.99222102 2.99298145
 2.99262529 2.99298147 2.99450235 2.9948709  2.99607141 2.99648739
 2.99717636 2.99726108 2.9972611  2.99723648 2.99726108 2.99728588
 2.99804628 2.99764129 2.99845147 2.9972611  2.99765534 2.99686996
 2.99772679 2.99731089 2.99807129 2.9984265  2.99883165 2.99883168
 2.99845149 2.99961724 2.99999742 2.99997228 3.00112758 3.00111287
 3.00157937 3.00145729 3.00189839 3.00192374 3.00301388 3.00268412
 3.00382472 3.00382473 3.0041796  3.00420487 3.00461063 3.00487904
 3.00568985 3.00538131 3.00570039 3.00648607 3.00613139 3.00608054
 3.00534549 3.00493998 3.05571822 3.09117323 3.12725658 3.14737603
 3.16792837 3.19112742 3.21474725 3.23935083 3.26285948 3.31525914
 3.36773284 3.39884053 3.42957373 3.45884575 3.48893507 3.51980073
 3.49744468 3.47246316 3.44877245 3.48956163 3.53069841 3.57042792
 3.61170625 3.65329875 3.68378922 3.71564987 3.74719688 3.77690651
 3.83267684 3.80723584 3.78170196 3.75588515 3.79282674 3.82756193
 3.86215561 3.88419815 3.9101657  3.93373381 3.95761896 3.98061654
 4.00456152 4.02494182 4.04077731 4.06107733 4.05345191 4.04641449
 4.08329034 4.11061323 4.13909346 4.12643046 4.11508523 4.13754818
 4.15376137 4.17103762 4.20843676 4.24629916 4.26705843 4.28930972
 4.31185771 4.34614258 4.3803864  4.41432395 4.44837717 4.4699564
 4.50326818 4.54936597 4.58393978 4.6064183  4.62895727 4.65165616
 4.68379615 4.7490086  4.77046501 4.79484641 4.81105997 4.8255821
 4.84744603 4.86736096 4.88183641 4.90107392 4.91816644 4.92798702
 4.9381474  4.94800003 4.95675894 4.96539749 4.97418478 4.9821008
 4.98923522 4.99594455 5.00300855 5.0092758  5.01459365 4.96291846
 4.90575295 4.8505305  4.79248762 4.7362089  4.67997802 4.6241016
 4.60312131 4.57167901 4.54154598 4.51131958 4.48518264 4.45340431
 4.42196027 4.39379308 4.36489656 4.3371155  3.07120735 3.37715546
 3.4870767  3.50239725 3.51632919 3.50667599 3.49754799 3.50363951
 3.50739539 3.51166073 3.53264331 3.5476302  3.561155   3.56742538
 3.57281989 3.57677401 3.57618895 3.57231584 3.56691939 3.560277
 3.55573707 3.55059095 3.55545412 3.55595438 3.56013617 3.56209128
 3.5627237  3.56408423 3.56344047 3.56218267 3.56078152 3.55825212
 3.55522727 3.55128114 3.54579808 3.54172351 3.53525933 3.53245145
 3.52586438 3.52073888 3.51548794 3.50339739 3.49418551 3.48012323
 3.46702031 3.45469115 3.44357421 3.4303719  3.41675846 3.42616537
 3.40476385 3.40861758 3.38052163 3.35817468 3.36072195 3.33661221
 3.31428221 3.29522408 3.27447812 3.25762895 3.24093078 3.22799057
 3.21512538 3.20362902 3.19488155 3.18686641 3.18042198 3.1784639
 3.17565804 3.17533153 3.1742867  3.17465013 3.1769391  3.17970403
 3.18543981 3.19432845 3.20182928 3.21199012 3.22083458 3.23208282
 3.241693   3.25003472 3.25774107 3.26608275 3.27360515 3.27875319
 3.28404077 3.287812   3.2921051  3.29558364 3.29815728 3.30079856
 3.30035935 3.2997738  3.29683163 3.2945825  3.29174804 3.29015922
 3.28647111 3.28506766 3.28002636 3.27792168 3.2727837  3.26624188
 3.26060111 3.25490171 3.2561874  3.25677413 3.26048811 3.26345034
 3.26486102 3.26561464 3.26713365 3.26777944 3.26778579 3.26929555
 3.27079082 3.27230305 3.27229865 3.273812   3.27532264 3.27608337
 3.27759563 3.27907537 3.28059193 3.28294833 3.28290563 3.28518407
 3.28518522 3.28290064 3.28061682 3.27985556 3.27985532 3.27757316
 3.27757365 3.2782978  3.27909772 3.27990333 3.27830543 3.2783466
 3.275308   3.27455259 3.27379471 3.27227957 3.27152978 3.26772573
 3.2669776  3.26393896 3.26161771 3.26010582 3.25561874 3.2533027
 3.25102558 3.24722166 3.24646637 3.24342885 3.23962492 3.2358045
 3.23885299 3.24190163 3.24566687 3.24722166 3.24878196 3.24870997
 3.24798244 3.2487379  3.24798236 3.2479771  3.24873273 3.24872304
 3.24948855 3.24947924 3.27381603 3.26617328 3.26463969 3.25102291
 3.24108659 3.22891039 3.22814348 3.23043207 3.23194213 3.23118135
 3.22889654 3.22813346 3.22508817 3.22428703 3.22432221 3.22359985
 3.22275866 3.2235589  3.22279561 3.22355645 3.22279564 3.22355562
 3.22355562 3.22355561 3.22355644 3.22279515 3.223518   3.22504202
 3.22359728 3.22584126 3.22432218 3.22508299 3.22508299 3.22356461
 3.22356459 3.22356651 3.22356461 3.22281002 3.22276938 3.2243341
 3.22437253 3.22429567 3.22357872 3.2212993  3.21977187 3.21825609
 3.21825926 3.2175018  3.21673448 3.21598021 3.21445527 3.21442381
 3.21213793 3.21145723 3.21066188 3.20990108 3.20914025 3.20686177
 3.20610098 3.20382695 3.20382267 3.20230536 3.20078373 3.20074561
 3.19774502 3.19778778 3.1946684  3.19471132 3.1924289  3.19166814
 3.19091234 3.19015157 3.18939598 3.18939596 3.18636378 3.18559738
 3.18327707 3.1817611  3.18031536 3.17875585 3.17876162 3.17647927
 3.17724007 3.17572444 3.17649139 3.17496365]","[100.26050462  94.50403336  91.69720098  91.3692246   90.00646177
  90.00265588  90.00187471  90.00153921  89.73489381  89.76445339
  89.68136411  89.80733881  89.73845415  89.84127358  89.77949972
  89.86250448  89.93568254  89.81682312  89.88401256  90.00102891
  89.94731681  90.00104446  89.95119808  90.04911825  90.09383735
  90.04594329  90.00112263  90.08569393  90.08345213  90.12136158
  90.04027315  90.11560506  90.11292884  90.07401264  90.07236998
  90.07093095  90.103733    90.03477287  90.00127108  90.03360829
  90.00127949  90.00128277  90.00128273  90.03158995  90.00128524
  90.03069635  90.03030653  90.05856666  90.02956493  90.11300468
  90.11163412  90.11031332  90.16317782  90.16150957  90.15997619
  90.1584464   90.18295373  90.20708292  90.20535336  90.20382136
  90.22754909  90.27587896  90.24927307  90.29698263  90.27079773
  90.34231477  90.29190047  90.3385517   90.33672832  90.33518313
  90.33364357  90.35581434  90.35425325  90.35292264  90.39831027
  90.42009516  90.3954041   90.4402692   90.43876912  90.43741336
  90.48169008  90.48013772  90.50140047  90.4999382   90.52078818
  90.54180018  90.54008525  90.58313158  90.60360389  90.6239458
  90.6441517   90.64223682  90.64032305  90.70433646  90.68034683
  90.67834196  90.72000036  90.78346804  90.78139085  90.80116506
  90.8424029   90.81868314  90.85967634  90.85754553  90.89825071
  90.91733563  90.91532885  90.934666    90.95379258  90.95210799
  90.97125197  90.99045323  90.9887159   91.02891403  91.02697472
  91.04607365  91.0238035   91.08479216  91.08362951  91.06125717
  91.10163482  91.10031566  91.11999904  91.1186553   91.13813205
  91.15772     91.13616843  91.19725959  91.15495747  91.17461932
  91.23554073  91.19330197  91.21288812  91.25295513  91.23178946
  91.27162225  91.25047778  91.29074432  91.28972608  91.30913602
  91.30810704  91.34786631  91.34698425  91.38647543  91.38538465
  91.38448225  91.40389477  91.42346988  91.4424592   91.46179539
  91.44076686  91.48013852  91.49941583  91.49843666  91.49765802
  91.53688277  91.51589765  91.55525863  91.55404857  91.57318371
  91.55243741  91.61179742  91.5902318   91.60950264  91.62833491
  91.62727899  91.6262297   91.64522007  91.66461206  91.64373626
  91.68290393  91.66182751  91.70072476  91.67987543  91.73889387
  91.68597952  91.72890309  91.73022671  91.71123975  91.73133466
  91.73177721  91.7125576   91.77266694  91.71343282  91.77403238
  91.75412532  91.73444035  91.77471425  91.75480265  91.79462741
  91.79393877  91.81407551  91.81361425  91.85294168  91.85223115
  91.85199474  91.87092154  91.87092148  91.890803    91.89152366
  91.93055018  91.91092256  91.91043403  91.92907258  91.92857679
  91.96778411  91.94743869  91.94743972  92.00619558  91.96602751
  91.98534986  92.00415194  91.98357867  92.02293327  92.0229363
  92.0224179   92.0221629   92.06175259  92.06070187  92.07996
  92.07863289  92.11843718  92.11816623  92.09893504  92.13820603
  92.13874996  92.15742259  92.15742558  92.13711963  92.15824718
  92.13848329  92.15852317  92.17885558  92.17940706  92.17913226
  92.19806943  92.21784237  92.21784331  92.17885524  92.23846943
  92.21869245  92.23875574  92.23790171  92.23818488  92.25738727
  92.2573903   92.2966326   92.29634203  92.29605149  92.31551919
  92.33497735  92.3541333   92.33379148  92.33379146  92.37298192
  92.37267686  92.3532424   92.37328275  92.37388799  92.37237882
  92.39211566  92.37177826  92.39059682  92.41001623  92.38998998
  92.40940451  92.3899929   92.40817911  92.42819631  92.42757837
  92.4475929   92.42757927  92.42634955  92.44572866  92.46448389
  92.46416707  92.46354704  92.5028905   92.50289245  92.48321991
  92.50289436  92.52256415  92.52192746  92.50257678  92.54127348
  92.50289501  92.54191679  92.52288979  92.54191767  92.54224198
  92.54159523  92.52161321  92.54095487  92.54095577  92.54127682
  92.55996843  92.55964506  92.53999368  92.57831857  92.53903146
  92.57799289  92.53870979  92.55803015  92.57767135  92.53742417
  92.57702064  92.57604327  92.57604216  92.55609382  92.57571918
  92.59501654  92.5358269   92.57441905  92.5747456   92.55480339
  92.57377091  92.59370665  92.55448423  92.57474928  92.55545243
  92.93794159  93.20972608  93.38028685  92.64614643  91.99552031
  91.53706228  91.15846037  90.85807031  90.67094975  91.21243987
  91.64936088  91.54743569  91.44751478  91.41821143  91.456761
  91.51109258  91.65576123  91.78666961  91.9701443   92.86050577
  93.66287546  94.3491462   94.93632602  95.42890629  95.19198206
  95.0205727   94.86820218  94.73626951  94.66737435  94.68309875
  94.66795395  94.73129464  95.41596918  96.04443551  96.57008539
  96.45703057  96.36901749  96.34589929  96.3076597   96.33048419
  96.39567467  97.18273991  97.88303962  97.80043973  97.66978773
  97.56672323  98.16152535  98.70843244  99.21687286  98.97439469
  98.81331916  99.44758356 100.01902531 100.49843699 100.71249126
 100.88008719 100.55203254 100.29231954 100.07527171  99.86090193
  99.79752217  99.84885779  99.9652295  100.12752341 100.39175947
 100.80317227 101.18279215 101.45951512 101.73330804 102.05434409
 102.51613341 102.98022644 103.5292435  104.06464337 104.44285553
 104.81087252 105.38890627 105.94354447 106.33837489 106.89862494
 107.47343982 107.87550617 108.23918401 108.64901491 109.02620568
 109.40275564 109.78815305 110.198901   110.59965298 110.98918054
 111.38746328 111.77624199 112.16792582 112.88331079 113.55669939
 114.15233202 114.7040106  115.17458674 115.56912976 115.92234259
 116.11303167 116.52737481 116.87652327 117.15457923 117.44999617
 117.61627808 117.7311396  117.81426291 117.83721411 117.8537797
 147.17420732 133.90011463 129.50573932 127.56084148 125.70994987
 123.33371735 121.17769033 119.15757401 117.5148465  116.04719043
 114.30211833 112.93567225 111.76466296 110.90023305 110.18905626
 109.64873874 109.60330242 109.60807954 109.79985251 110.01532365
 110.26855391 110.59097471 111.23010068 111.87674092 112.53219044
 113.11930881 113.66457382 114.13999595 114.62827739 115.02385466
 115.40433421 115.76065498 116.04022168 116.31069494 116.49602156
 116.6711444  116.80026282 116.82145418 116.82124282 116.76225956
 116.65485414 116.48349353 116.28963532 116.04801692 115.76424729
 115.47258422 115.1032836  114.69588831 114.2539834  113.88629007
 113.37520604 112.94326815 112.38059698 111.80552915 111.29072039
 110.59326456 109.87427531 109.12586597 108.39492066 107.54362567
 106.73525671 105.93565086 105.00119982 104.17920305 103.33945747
 102.54628758 101.81628124 101.01173757 100.26366169  99.63580909
  98.97242857  98.39717181  97.87260238  97.43995028  97.14935316
  96.85314335  96.61629812  96.4670306   96.37614194  96.31753473
  96.22614057  96.21018803  96.23169317  96.21580404  96.18354555
  96.13783699  96.11010044  96.08525286  96.02348614  95.90992194
  95.76236528  95.63276565  95.49063491  95.29509678  95.06734013
  94.80233449  94.59148384  94.25310475  93.9885999   93.68501018
  93.40294786  93.09906337  92.74329261  92.42352775  92.17428884
  91.83352244  91.5789956   91.36119615  91.23290176  91.1051573
  90.97809179  90.88748883  90.7967343   90.70622935  90.61590171
  90.57950382  90.48898834  90.45268186  90.43464451  90.3983768
  90.34411872  90.34404345  90.28984495  90.27170916  90.23559247
  90.19946377  90.16349685  90.10946919  90.12744305  90.09156363
  90.05563047  90.037644    90.01964185  89.96561514  89.94760321
  89.89358481  89.89361043  89.8216315   89.80353745  89.78553089
  89.74927677  89.71315736  89.69505834  89.65882871  89.60460976
  89.60414857  89.54984185  89.53133303  89.53100418  89.49456512
  89.49385461  89.47535056  89.45682626  89.45618437  89.4378727
  89.41914229  89.41845936  89.47250986  89.45477651  89.4370822
  89.43774753  89.45618998  89.45645032  89.43827509  89.45632205
  89.4746228   89.45632674  89.47450444  89.49280198  89.52914563
  89.51109103  89.54742825  89.58688228  89.56783874  89.62188913
  89.62029092  89.65555684  89.67253854  89.7090398   89.67269277
  89.74592065  89.74585801  89.76396253  89.78219732  89.8002967
  89.81855787  89.85518399  89.85514889  89.91007437  89.89178001
  89.94671519  89.94672872  89.94671615  90.00167848  90.00167658
  90.00167944  90.05662445  90.03832073  90.05662731  90.11152334
  90.11157507  90.11149893  90.14817404  90.14813907  90.14814096
  90.1848419   90.1848419   90.20315828  90.18484379  90.23984849
  90.22152597  90.25804626  90.25804625  90.25804719  90.29473857
  90.31327362  90.27675188  90.3135699   90.33191528  90.35034625
  90.31372014  90.35051108  90.33230905  90.36904396  90.3509262
  90.36939277  90.38787082  90.38796277  90.38805285  90.40674037
  90.40683594  90.44398219  90.42555355  90.44419125  90.4444053
  90.44440337  90.46328994  90.4817525   90.48221143  90.50069052
  90.50104851  90.50116795  90.51979228  90.51991432  90.53855
  90.53855095  90.57611979  90.55772482  90.55812472  90.57694825
  90.57722241  90.57749776  90.59607105  90.59650224  90.59635555
  90.61523516  90.63367225  90.61538065]","[0, 0, 0, 0, 0, 0, 0, 0, 0, 0, 0, 0, 0, 0, 0, 0, 0, 0, 0, 0, 0, 0, 0, 0, 0, 0, 0, 0, 0, 0, 0, 0, 0, 0, 0, 0, 0, 0, 0, 0, 0, 0, 0, 0, 0, 0, 0, 0, 0, 0, 0, 0, 0, 0, 0, 0, 0, 0, 0, 0, 0, 0, 0, 0, 0, 0, 0, 0, 0, 0, 0, 0, 0, 0, 0, 0, 0, 0, 0, 0, 0, 0, 0, 0, 0, 0, 0, 0, 0, 0, 0, 0, 0, 0, 0, 0, 0, 0, 0, 0, 0, 0, 0, 0, 0, 0, 0, 0, 0, 0, 0, 0, 0, 0, 0, 0, 0, 0, 0, 0, 0, 0, 0, 0, 0, 0, 0, 0, 0, 0, 0, 0, 0, 0, 0, 0, 0, 0, 0, 0, 0, 0, 0, 0, 0, 0, 0, 0, 0, 0, 0, 0, 0, 0, 0, 0, 0, 0, 0, 0, 0, 0, 0, 0, 0, 0, 0, 0, 0, 0, 0, 0, 0, 0, 0, 0, 0, 0, 0, 0, 0, 0, 0, 0, 0, 0, 0, 0, 0, 0, 0, 0, 0, 0, 0, 0, 0, 0, 0, 0, 0, 0, 0, 0, 0, 0, 0, 0, 0, 0, 0, 0, 0, 0, 0, 0, 0, 0, 0, 0, 0, 0, 0, 0, 0, 0, 0, 0, 0, 0, 0, 0, 0, 0, 0, 0, 0, 0, 0, 0, 0, 0, 0, 0, 0, 0, 0, 0, 0, 0, 0, 0, 0, 0, 0, 0, 0, 0, 0, 0, 0, 0, 0, 0, 0, 0, 0, 0, 0, 0, 0, 0, 0, 0, 0, 0, 0, 0, 12.7874, 12.3344, 15.1417, 19.1921, 11.7913, 19.383, 11.7733, 12.7548, 12.8487, 12.2599, 13.0585, 14.7545, 26.9224, 12.0865, 12.5031, 31.1075, 23.3157, 13.0402, 12.5146, 12.4128, 14.5126, 19.5257, 15.0516, 17.76, 12.6794, 12.5766, 22.6806, 18.9808, 18.9576, 21.6991, 24.2708, 18.9312, 21.6849, 22.0513, 20.7418, 23.0824, 25.0557, 27.9535, 27.6903, 25.9474, 18.695, 23.2292, 32.9181, 19.3706, 18.5308, 28.473099, 29.7013, 15.9822, 14.1745, 25.2925, 19.1225, 23.6189, 28.6376, 27.2626, 31.2006, 21.7248, 19.1585, 24.7392, 23.8811, 15.2022, 30.8029, 24.0144, 24.996, 25.2634, 17.4715, 32.0081, 22.8273, 30.1605, 25.4012, 27.5363, 23.187, 24.3808, 28.4576, 22.628, 15.3512, 19.7778, 27.2942, 18.6393, 28.0305, 25.1329, 22.0351, 22.666, 31.5405, 6.4578, 6.4693, 9.3156, 4.8304, 7.6043, 10.3372, 8.832, 11.4979, 6.8713, 11.387, 10.2905, 10.7625, 10.6081, 13.0099, 6.6072, 9.9691, 7.3768, 5.6133, 9.7386, 10.4465, 11.5379, 8.3511, 8.6872, 12.906, 9.0888, 12.7159, 12.0068, 7.4506, 9.108, 8.2703, 9.0283, 11.8322, 12.0937, 6.4184, 4.9242, 7.1497, 12.4397, 12.1191, 10.9783, 8.284, 5.5176, 7.4603, 7.2694, 10.2112, 4.4686, 6.456, 7.1652, 11.1806, 7.1112, 9.4925, 12.3815, 6.9739, 12.3078, 7.6653, 9.0808, 10.5294, 6.7414, 9.6935, 12.7931, 9.033, 8.4794, 9.0017, 12.8538, 11.8264, 7.1033, 4.0543, 5.3977, 5.1913, 7.2139, 12.1691, 7.764, 9.1513, 6.9627, 7.0062, 6.7395, 3.6897, 5.6971, 6.6328, 6.9175, 6.4435, 6.9375, 7.0988, 6.3877, 6.8993, 7.3046, 7.0717, 6.9402, 6.2099, 5.0991, 4.4142, 4.9707, 7.0804, 7.0277, 6.5865, 5.4075, 4.7244, 6.7235, 5.6833, 5.2553, 6.263, 5.3169, 5.7236, 7.2438, 4.6178, 6.277, 5.7376, 6.8741, 8.4024, 6.043, 5.2697, 5.2234, 7.3808, 8.3373, 8.0206, 9.6642, 7.8408, 10.062, 8.3078, 8.2986, 8.1432, 7.8703, 7.288399, 3.858, 5.7661, 3.7178, 7.2619, 7.2921, 8.4443, 6.8133, 4.758, 5.628, 7.3401, 6.2317, 8.6518, 8.1478, 6.3809, 8.8429, 8.9097, 3.7608, 3.8766, 9.0462, 5.2236, 3.8035, 6.9494, 6.1235, 9.2624, 3.8711, 3.8227, 4.4604, 7.2237, 3.8397, 3.8313, 3.88, 3.8721, 3.9555, 5.2665, 4.6486, 4.8511, 11.5401, 4.8744, 5.2815, 4.7229, 6.8946, 4.8479, 4.8644, 4.9868, 4.7791, 5.4079, 4.8694, 4.8362, 4.8378, 6.027, 4.7711, 4.9857, 11.4224, 6.148, 4.9035, 7.0339, 5.0691, 5.1868, 4.825, 5.0114, 11.099, 4.956, 5.1162, 8.109, 6.082, 9.4469, 0, 0, 0, 0, 0, 0, 0, 0, 0, 0, 0, 0, 0, 0, 0, 0, 0, 0, 0, 0, 0, 0, 0, 0, 0, 0, 0, 0, 0, 0, 0, 0, 0, 0, 0, 0, 0, 0, 0, 0, 0, 0, 0, 0, 0, 0, 0, 0, 0, 0, 0, 0, 0, 0, 0, 0, 0, 0, 0, 0, 0, 0, 0, 0, 0, 0, 0, 0, 0, 0, 0, 0, 0, 0, 0, 0, 0, 0, 0, 0, 0, 0, 0, 0, 0, 0, 0, 0, 0, 0, 0, 0, 0, 0, 0, 0, 0, 0, 0, 0, 0]","[[-9.90919653e+01 -3.36932662e-03]
 [-9.90914404e+01 -3.39995694e-03]
 [-9.90907405e+01 -3.41531931e-03]
 ...
 [-5.60559322e+01 -3.64067949e+00]
 [-5.59924046e+01 -3.64120001e+00]
 [-5.59289075e+01 -3.64170527e+00]]","[[ 3.37616403e+01  7.99335564e-03]
 [ 3.37042752e+01  7.96486958e-03]
 [ 3.35845996e+01  7.93861760e-03]
 ...
 [-1.36242683e+02 -3.71584957e-02]
 [-1.36242683e+02 -3.71584957e-02]
 [-1.36485542e+02 -3.73850941e-02]]","[False, False, False, False, False, False, False, False, False, False, False, False, False, False, False, False, False, False, False, False, False, False, False, False, False, False, False, False, False, False, False, False, False, False, False, False, False, False, False, False, False, False, False, False, False, False, False, False, False, False, False, False, False, False, False, False, False, False, False, False, False, False, False, False, False, False, False, False, False, False, False, False, False, False, False, False, False, False, False, False, False, False, False, False, False, False, False, False, False, False, False, False, False, False, False, False, False, False, False, False, False, False, False, False, False, False, False, False, False, False, False, False, False, False, False, False, False, False, False, False, False, False, False, False, False, False, False, False, False, False, False, False, False, False, False, False, False, False, False, False, False, False, False, False, False, False, False, False, False, False, False, False, False, False, False, False, False, False, False, False, False, False, False, False, False, False, False, False, False, False, False, False, False, False, False, False, False, False, False, False, False, False, False, False, False, False, False, False, False, False, False, False, False, False, False, False, False, False, False, False, False, False, False, False, False, False, False, False, False, False, False, False, False, False, False, False, False, False, False, False, False, False, False, False, False, False, False, False, False, False, False, False, False, False, False, False, False, False, False, False, False, False, False, False, False, False, False, False, False, False, False, False, False, False, False, False, False, False, False, False, False, False, False, False, False, False, False, False, False, False, False, False, False, False, False, False, False, False, False, False, False, False, False, False, False, False, False, False, False, False, False, False, False, False, False, False, False, False, False, False, False, False, False, False, False, False, False, False, False, False, False, False, False, False, False, False, False, False, False, False, False, False, False, False, False, False, False, False, False, False, False, False, False, False, False, False, False, False, False, False, False, False, False, False, False, False, False, False, False, False, False, False, False, False, False, False, False, False, False, False, False, False, False, False, False, False, False, False, False, False, False, False, False, False, False, False, False, False, False, False, False, False, False, False, False, False, False, False, False, False, False, False, False, False, False, False, False, False, False, False, True, True, True, True, True, True, True, True, True, True, True, True, True, True, True, True, True, True, True, True, True, True, True, True, True, True, True, True, True, True, True, True, True, True, True, True, True, True, True, True, True, True, True, True, True, True, True, True, True, True, True, True, True, True, True, True, True, True, True, True, True, True, True, True, True, True, True, True, True, True, True, True, False, False, False, False, False, False, False, False, False, False, False, False, False, False, False, False, False, False, False, False, False, False, False, False, False, False, False, False, False, False, False, False, False, False, False, False, False, False, False, False, False, False, False, False, False, False, False, False, False, False, False, False, False, False, False, False, False, False, False, False, False, False, False, False, False, False, False, False, False, False, False, False, False, False, False, False, False, False, False, False, False, False, False, False, False, False, False, False, False, False, False, False, False, False, False, False, False, False, False, False, False, False, False, False, False, False, False, False, False, False, False, False, False, False, False, False, False, False, False, False, False, False, False, False, False, False, False, False, False, False, False, False, False, False, False, False, False, False, False, False, False, False, False, False, False, False, False, False, False, False, False, False, False, False, False, False, False, False, False, False, False, False, False, False, False, False, False, False, False, False, False, False, False, False, False, False, False, False, False, False, False, False, False, False, False, False, False, False, False, False, False, False, False, False, False, False, False, False, False, False, False, False, False, False, False, False, False, False, False, False, False, False, False, False, False, False]"
